date,p50 deploy/adservice,p50 deploy/cartservice,p50 deploy/checkoutservice,p50 deploy/currencyservice,p50 deploy/emailservice,p50 deploy/frontend,p50 deploy/loadgenerator,p50 deploy/paymentservice,p50 deploy/productcatalogservice,p50 deploy/recommendationservice,p50 deploy/redis-cart,p50 deploy/shippingservice,p95 deploy/adservice,p95 deploy/cartservice,p95 deploy/checkoutservice,p95 deploy/currencyservice,p95 deploy/emailservice,p95 deploy/loadgenerator,p95 deploy/paymentservice,p95 deploy/productcatalogservice,p95 deploy/recommendationservice,p95 deploy/redis-cart,p95 deploy/shippingservice,p99 deploy/adservice,p99 deploy/cartservice,p99 deploy/checkoutservice,p99 deploy/currencyservice,p99 deploy/emailservice,p99 deploy/frontend,p99 deploy/loadgenerator,p99 deploy/paymentservice,p99 deploy/productcatalogservice,p99 deploy/recommendationservice,p99 deploy/redis-cart,p99 deploy/shippingservice,ðŸ”’deploy/adservice,ðŸ”’deploy/cartservice,ðŸ”’deploy/checkoutservice,ðŸ”’deploy/currencyservice,ðŸ”’deploy/emailservice,ðŸ”’deploy/frontend,ðŸ”’deploy/loadgenerator,ðŸ”’deploy/paymentservice,ðŸ”’deploy/productcatalogservice,ðŸ”’deploy/recommendationservice,ðŸ”’deploy/redis-cart,ðŸ”’deploy/shippingservice,deploy/adservice,deploy/cartservice,deploy/checkoutservice,deploy/currencyservice,deploy/emailservice,deploy/frontend,deploy/loadgenerator,deploy/paymentservice,deploy/productcatalogservice,deploy/recommendationservice,deploy/redis-cart,deploy/shippingservice,p95 deploy/frontend
2021-10-07 09:18:00,1.0,0.2515991471215351,0.17472598323662153,0.15155375268833593,0.1515151515151515,0.04287446937537903,1.1102230246251565e-16,0.07142857142857145,0.04029112411714486,0.7222222222222221,0.0,0.2534216335540833,0.11527704704676973,0.00034996431284967794,0.2564776567780701,0.11169176593991137,0.025718608169440244,2.220446049250313e-16,0.01249024199843871,0.0037218404178481768,0.004182003559887362,0.0,0.022547227300426433,0.4742822062279804,0.0007913153144241945,0.2012106144949469,0.03706252687951327,0.02565458873313939,0.048750606501698206,0.0,0.010433648516465603,8.772179073726974e-05,0.0003471564728902421,0.0,0.0037954900647466094,0.09467455621301771,0.08365019011406843,0.4545454545454545,0.048148148148148134,0.08333333333333333,0.07196969696969696,0.4994500000003086,0.18181818181818177,0.08478260869565213,0.07608695652173911,0.0,0.12790697674418605,0.0,0.0,0.0,0.0,0.0,0.0,0.4994500000000244,0.0,0.0,0.4999500000012631,0.0,1.0,130.9999999999999
2021-10-07 09:18:05,0.75,0.6404341926729984,0.07156673114119923,0.15155375268833593,0.2272727272727274,0.04287446937537903,1.1102230246251565e-16,0.07142857142857145,0.06656621393845263,0.7222222222222221,0.0,0.2534216335540833,0.03539287395516454,0.0006676950705684637,0.12504693954187018,0.11169176593991137,0.02723146747352498,1.0,0.01249024199843871,0.00614896781680585,0.004182003559887362,0.0,0.022547227300426433,0.031145138689360828,0.0019888862590215287,0.09582229908663466,0.03706252687951327,0.025919069029357318,0.048750606501698206,0.9999999999999999,0.010433648516465603,0.011897510623750404,0.0003471564728902421,0.0,0.0037954900647466094,0.08284023668639051,0.09125475285171103,0.2727272727272727,0.048148148148148134,0.25,0.07196969696969696,0.4994500000003086,0.18181818181818177,0.06666666666666662,0.07608695652173911,0.0,0.12790697674418605,0.0,0.0,0.0,0.0,0.0,0.0,0.4994500000000244,0.0,0.0,0.4999500000012631,0.0,1.0,130.9999999999999
2021-10-07 09:18:10,0.75,0.6404341926729984,0.07156673114119923,0.14839987851400882,0.2272727272727274,0.03350515463917525,1.1102230246251565e-16,0.28571428571428575,0.06656621393845263,0.4642857142857144,0.0,0.2715231788079473,0.03539287395516454,0.0006676950705684637,0.12504693954187018,0.13739042481456548,0.02723146747352498,1.0,0.027322404371584706,0.00614896781680585,0.011612836331587911,0.0,0.023765996343692853,0.031145138689360828,0.0019888862590215287,0.09582229908663466,0.07698402836878705,0.025919069029357318,0.04409267345948561,0.9999999999999999,0.021193348549070755,0.011897510623750404,0.04227849408686393,0.0,0.026345166331770517,0.08284023668639051,0.09125475285171103,0.2727272727272727,0.0654320987654321,0.25,0.06060606060606061,0.4994500000003086,0.2727272727272727,0.06666666666666662,0.016304347826086973,0.0,0.11625697674418604,0.0,0.0,0.0,0.0,0.0,0.0,0.4994500000000244,0.0,0.0,0.4999500000012631,0.0,0.4999500000012631,99.02777777777774
2021-10-07 09:18:15,0.6354166666666667,0.4080185582352165,0.1876208897485493,0.14839987851400882,0.36363636363636365,0.03350515463917525,1.1102230246251565e-16,0.28571428571428575,0.020391767644595937,0.4642857142857144,0.0,0.2715231788079473,0.030570708609088157,0.0008288628462229195,0.2689948679434224,0.13739042481456548,0.04841149773071104,0.6666666666666667,0.027322404371584706,0.0018836631311244245,0.011612836331587911,0.0,0.023765996343692853,0.07755425545074293,0.0005510945939739935,0.20301212416004627,0.07698402836878705,0.050780216873842904,0.04409267345948561,0.6666666666666666,0.021193348549070755,4.4396933897435445e-05,0.04227849408686393,0.0,0.026345166331770517,0.05325443786982245,0.09125475285171103,0.36363636363636365,0.0654320987654321,0.49999999999999994,0.06060606060606061,0.4994500000003086,0.2727272727272727,0.08478260869565213,0.016304347826086973,0.0,0.11625697674418604,0.0,0.0,0.0,0.0,0.0,0.0,0.4994500000000244,0.0,0.0,0.4999500000012631,0.0,0.4999500000012631,99.02777777777774
2021-10-07 09:18:20,0.6354166666666667,0.4080185582352165,0.1876208897485493,0.11984731350278066,0.36363636363636365,0.033676975945017174,1.1102230246251565e-16,0.21428571428571425,0.020391767644595937,0.3999999999999999,0.0,0.047064017660043866,0.030570708609088157,0.0008288628462229195,0.2689948679434224,0.07497939611897786,0.04841149773071104,0.6666666666666667,0.014571948998178503,0.0018836631311244245,0.0027787858364871076,0.0,0.0003168799512492382,0.07755425545074293,0.0005510945939739935,0.20301212416004627,0.04145967776818692,0.050780216873842904,0.10431829209121779,0.6666666666666666,0.010723472086367421,4.4396933897435445e-05,0.0002306725654576472,0.0,0.0029024335789238354,0.05325443786982245,0.09125475285171103,0.36363636363636365,0.0012345679012345512,0.49999999999999994,0.03030303030303033,0.4994500000003086,0.3636363636363636,0.08478260869565213,0.054347826086956486,0.0,0.17439069767441862,0.0,0.0,0.0,0.0,0.0,0.0,0.4994500000000244,0.0,0.0,0.4999500000012631,0.0,0.4999500000012631,239.99999999999983
2021-10-07 09:18:25,0.591346153846154,0.6056279865494658,0.0006447453255963879,0.11984731350278066,0.2272727272727274,0.033676975945017174,1.1102230246251565e-16,0.21428571428571425,0.06611836831244133,0.3999999999999999,0.0,0.047064017660043866,0.03375515742253483,0.12278682108074486,0.2677431468268872,0.07497939611897786,0.05748865355521938,0.6666666666666667,0.014571948998178503,0.006107598657012825,0.0027787858364871076,0.0,0.0003168799512492382,0.039303990873813976,0.47010135194808444,0.20283197319353632,0.04145967776818692,0.05236709865115051,0.10431829209121779,0.6666666666666666,0.010723472086367421,0.004435628057852225,0.0002306725654576472,0.0,0.0029024335789238354,0.02366863905325442,0.0,0.1818181818181818,0.0012345679012345512,0.0,0.03030303030303033,0.4994500000003086,0.3636363636363636,0.009420289855072428,0.054347826086956486,0.0,0.17439069767441862,0.0,0.0,0.0,0.0,0.0,0.0,0.4994500000000244,0.0,0.0,0.4999500000012631,0.0,0.4999500000012631,239.99999999999983
2021-10-07 09:18:30,0.591346153846154,0.6056279865494658,0.0006447453255963879,0.17512259108835604,0.2272727272727274,0.02553528945281522,1.1102230246251565e-16,0.0,0.06611836831244133,0.7380952380952379,0.0,0.4827078734363499,0.03375515742253483,0.12278682108074486,0.2677431468268872,0.12837920676760856,0.05748865355521938,0.6666666666666667,0.0,0.006107598657012825,0.004251127585670575,0.0,0.08104814137720906,0.039303990873813976,0.47010135194808444,0.20283197319353632,0.028962512084588277,0.05236709865115051,0.41927462396894655,0.6666666666666666,0.0,0.004435628057852225,0.0003528945964090813,0.0,0.02790801518196029,0.02366863905325442,0.0,0.1818181818181818,0.0111111111111111,0.0,0.015151515151515166,0.4994500000003086,0.0,0.009420289855072428,0.02717391304347827,0.0,0.0348697674418605,0.0,0.0,0.0,0.0,0.0,0.0,0.4994500000000244,0.0,0.0,0.4999500000012631,0.0,0.4999500000012631,229.9999999999992
2021-10-07 09:18:35,0.65625,0.20377451585049888,0.0,0.17512259108835604,0.11363636363636365,0.02553528945281522,0.0,0.0,0.03333987258260329,0.7380952380952379,0.0,0.4827078734363499,0.06432586603162267,0.00026477563143232166,0.0,0.12837920676760856,0.054462934947049936,0.6666666666666667,0.0,0.0030797275584336647,0.004251127585670575,0.0,0.08104814137720906,0.8536236731066132,4.062556301731384e-05,0.0,0.028962512084588277,0.051838138058714636,0.41927462396894655,0.6666666666666666,0.0,7.258753360653639e-05,0.0003528945964090813,0.0,0.02790801518196029,0.07100591715976329,0.04182509505703422,0.0,0.0111111111111111,0.16666666666666663,0.015151515151515166,0.0,0.0,0.023188405797101408,0.02717391304347827,0.0,0.0348697674418605,0.0,0.0,0.0,0.0,0.0,0.0,0.0,0.0,0.0,0.4999500000012631,0.0,0.4999500000012631,229.9999999999992
2021-10-07 09:18:40,0.65625,0.20377451585049888,0.0,0.37562712035907,0.11363636363636365,0.03552735923869943,0.0,0.14285714285714296,0.03333987258260329,0.33333333333333304,0.0,0.1740533197486842,0.06432586603162267,0.00026477563143232166,0.0,0.5873791863340085,0.054462934947049936,0.6666666666666667,0.058548009367681494,0.0030797275584336647,0.16817875473067542,1.0000000000000002,0.015234613040828775,0.8536236731066132,4.062556301731384e-05,0.0,0.9999999999999999,0.051838138058714636,1.0,0.6666666666666666,0.04293011629170742,7.258753360653639e-05,0.09658983319274983,1.0,0.0024559053360125177,0.07100591715976329,0.04182509505703422,0.0,0.012345679012345678,0.16666666666666663,0.04545454545454544,0.0,0.2727272727272727,0.023188405797101408,0.03804347826086954,0.0,0.19764418604651163,0.0,0.0,0.0,0.0,0.0,0.0,0.0,0.0,0.0,0.4999500000012631,0.0,0.4999500000012631,1644.444444444444
2021-10-07 09:18:45,0.5625000000000002,0.5904002713704202,0.07156673114119923,0.37562712035907,0.1515151515151515,0.03552735923869943,0.0,0.14285714285714296,0.9999999999999991,0.33333333333333304,0.0,0.1740533197486842,0.33946224351341625,1.0,0.24145700337964723,0.5873791863340085,0.05597579425113467,0.0,0.058548009367681494,1.0,0.16817875473067542,1.0000000000000002,0.015234613040828775,0.30062811250131716,1.0,0.19904880289682766,0.9999999999999999,0.05210261835493257,1.0,0.0,0.04293011629170742,0.04801302224269785,0.09658983319274983,1.0,0.0024559053360125177,0.0,0.04942965779467681,0.2727272727272727,0.012345679012345678,0.08333333333333333,0.04545454545454544,1.0,0.2727272727272727,0.07826086956521736,0.03804347826086954,0.0,0.19764418604651163,0.0,0.0,0.0,0.0,0.0,0.0,1.0,0.0,0.0,0.4999500000012631,0.0,0.4999500000012631,1644.444444444444
2021-10-07 09:18:50,0.5625000000000002,0.5904002713704202,0.07156673114119923,0.27035594896516524,0.1515151515151515,0.038858049167327546,0.0,0.09523809523809523,0.9999999999999991,0.06122448979591821,0.0,0.4008199306212554,0.33946224351341625,1.0,0.24145700337964723,0.20937289278489568,0.05597579425113467,0.0,0.013270882123341137,1.0,0.0,0.0,0.054235222425350435,0.30062811250131716,1.0,0.19904880289682766,0.08768761934779447,0.05210261835493257,0.04995147986414367,0.0,0.010542332355178784,0.04801302224269785,0.0,0.0,0.005135074793480701,0.0,0.04942965779467681,0.2727272727272727,0.01975308641975307,0.08333333333333333,0.02651515151515152,1.0,0.0909090909090909,0.07826086956521736,0.02717391304347827,0.0,0.05812325581395349,0.0,0.0,0.0,0.0,0.0,0.0,1.0,0.0,0.0,0.4999500000012631,0.0,0.4999500000012631,142.0000000000001
2021-10-07 09:18:55,0.46875,0.0,0.05222437137330753,0.27035594896516524,0.303030303030303,0.038858049167327546,1.1102230246251565e-16,0.09523809523809523,0.10298895097700989,0.06122448979591821,0.0,0.4008199306212554,0.028023149558330816,0.00014965579167913723,0.2489673300788586,0.20937289278489568,0.054462934947049936,0.6666666666666667,0.013270882123341137,0.009513470987395523,0.0,0.0,0.054235222425350435,0.16132549605310792,0.002439300109865645,0.20012970869588728,0.08768761934779447,0.051838138058714636,0.04995147986414367,0.6666666666666666,0.010542332355178784,0.017568541373833124,0.0,0.0,0.005135074793480701,0.0769230769230769,0.026615969581749055,0.1818181818181818,0.01975308641975307,0.16666666666666663,0.02651515151515152,0.4994500000003086,0.0909090909090909,0.039130434782608664,0.02717391304347827,0.0,0.05812325581395349,0.0,0.0,0.0,0.0,0.0,0.0,0.4994500000000244,0.0,0.0,0.4999500000012631,0.0,0.4999500000012631,142.0000000000001
2021-10-07 09:19:00,0.46875,0.0,0.05222437137330753,0.10441078546441274,0.303030303030303,0.010103092783505158,1.1102230246251565e-16,0.42857142857142866,0.10298895097700989,0.5,0.0,0.1740533197486842,0.028023149558330816,0.00014965579167913723,0.2489673300788586,0.11496965610249416,0.054462934947049936,0.6666666666666667,0.028103044496487112,0.009513470987395523,0.006013790243143774,0.0,0.056672760511883025,0.16132549605310792,0.002439300109865645,0.20012970869588728,0.726142356933488,0.051838138058714636,0.09694929645803005,0.6666666666666666,0.021302032387783942,0.017568541373833124,0.3725361932140967,0.0,0.0055816030363920605,0.0769230769230769,0.026615969581749055,0.1818181818181818,0.00493827160493826,0.16666666666666663,0.0037878787878788123,0.4994500000003086,0.18181818181818177,0.039130434782608664,0.0,0.0,0.0348697674418605,0.0,0.0,0.0,0.0,0.0,0.0,0.4994500000000244,0.0,0.0,0.4999500000012631,0.0,0.4999500000012631,172.50000000000017
2021-10-07 09:19:05,0.453125,0.5070104025327904,0.0019342359767891672,0.10441078546441274,0.4545454545454546,0.010103092783505158,1.1102230246251565e-16,0.42857142857142866,0.14380274542970461,0.5,0.0,0.1740533197486842,0.17259712568880942,0.00018419174360509503,0.2564776567780701,0.11496965610249416,0.05597579425113467,0.33333333333333337,0.028103044496487112,0.01328359240069088,0.006013790243143774,0.0,0.056672760511883025,0.8799668305287401,0.00034620045006058804,0.2012106144949469,0.726142356933488,0.05210261835493257,0.09694929645803005,0.33333333333333337,0.021302032387783942,1.0,0.3725361932140967,0.0,0.0055816030363920605,0.04142011834319523,0.022813688212927757,0.09090909090909091,0.00493827160493826,0.08333333333333333,0.0037878787878788123,0.4994500000003086,0.18181818181818177,0.019565217391304318,0.0,0.0,0.0348697674418605,0.0,0.0,0.0,0.0,0.0,0.0,0.4994500000000244,0.0,0.0,0.4999500000012631,0.0,0.4999500000012631,172.50000000000017
2021-10-07 09:19:10,0.453125,0.5070104025327904,0.0019342359767891672,0.07612847535215872,0.4545454545454546,0.02164948453608248,1.1102230246251565e-16,0.28571428571428575,0.14380274542970461,0.3928571428571428,0.0,0.33940397350993434,0.17259712568880942,0.00018419174360509503,0.2564776567780701,0.024499887615194393,0.05597579425113467,0.33333333333333337,0.02888368462138954,0.01328359240069088,0.0027476800248846522,0.0,0.05179768433881782,0.8799668305287401,0.00034620045006058804,0.2012106144949469,0.07505545341761397,0.05210261835493257,0.05060650169820471,0.33333333333333337,0.021410716226497123,1.0,0.0002280904098741765,0.0,0.004688546550569342,0.04142011834319523,0.022813688212927757,0.09090909090909091,0.012345679012345678,0.08333333333333333,0.0,0.4994500000003086,0.0909090909090909,0.019565217391304318,0.010869565217391325,0.0,0.08137674418604653,0.0,0.0,0.0,0.0,0.0,0.0,0.4994500000000244,0.0,0.0,0.4999500000012631,0.0,0.4999500000012631,147.99999999999986
2021-10-07 09:19:15,0.46875,0.2401628222523744,0.0019342359767891672,0.07612847535215872,0.303030303030303,0.02164948453608248,1.1102230246251565e-16,0.28571428571428575,0.04072690233940701,0.3928571428571428,0.0,0.33940397350993434,0.024491306328871754,4.6047935901272945e-05,0.2564776567780701,0.024499887615194393,0.02798789712556734,1.0,0.02888368462138954,0.0037620948668459775,0.0027476800248846522,0.0,0.05179768433881782,0.020911677328183262,7.0653153073595414e-06,0.2012106144949469,0.07505545341761397,0.026051309177466286,0.05060650169820471,0.9999999999999999,0.021410716226497123,8.867056659942092e-05,0.0002280904098741765,0.0,0.004688546550569342,0.02366863905325442,0.007604562737642595,0.09090909090909091,0.012345679012345678,0.16666666666666663,0.0,0.4994500000003086,0.0909090909090909,0.0,0.010869565217391325,0.0,0.08137674418604653,0.0,0.0,0.0,0.0,0.0,0.0,0.4994500000000244,0.0,0.0,0.4999500000012631,0.0,0.4999500000012631,147.99999999999986
2021-10-07 09:19:20,0.46875,0.2401628222523744,0.0019342359767891672,0.1893006019857033,0.303030303030303,0.05412371134020619,1.1102230246251565e-16,0.28571428571428575,0.04072690233940701,0.5999999999999999,0.0,0.45253863134657735,0.024491306328871754,4.6047935901272945e-05,0.2564776567780701,0.2239267251067651,0.02798789712556734,1.0,0.014832162373145979,0.0037620948668459775,0.008128985432111574,1.0000000000000002,0.02376599634369284,0.020911677328183262,7.0653153073595414e-06,0.2012106144949469,0.7560352686766566,0.026051309177466286,0.9187287724405633,0.9999999999999999,0.010759700032605152,8.867056659942092e-05,0.35446110412972864,1.0,0.0037954900647465817,0.02366863905325442,0.007604562737642595,0.09090909090909091,0.07530864197530862,0.16666666666666663,0.06439393939393939,0.4994500000003086,0.2727272727272727,0.0,0.03260869565217392,0.0,0.1278604697669768,0.0,0.0,0.0,0.0,0.0,0.0,0.4994500000000244,0.0,0.0,0.4999500000012631,0.0,0.0,849.9999999999982
2021-10-07 09:19:25,0.4772727272727273,0.4929657930443474,0.24564796905222439,0.1893006019857033,0.09090909090909105,0.05412371134020619,1.1102230246251565e-16,0.28571428571428575,0.28170380925623295,0.5999999999999999,0.0,0.45253863134657735,0.028341594439675474,0.4992286970736511,0.5343597446488926,0.2239267251067651,0.05295007564296523,0.33333333333333337,0.014832162373145979,0.026022024605301897,0.008128985432111574,1.0000000000000002,0.02376599634369284,0.029978513146380906,0.9328795045800911,0.41414905690969056,0.7560352686766566,0.0515736577624967,0.9187287724405633,0.33333333333333337,0.010759700032605152,0.7742780523815683,0.35446110412972864,1.0,0.0037954900647465817,0.05325443786982245,0.08745247148288976,0.36363636363636365,0.07530864197530862,0.25,0.06439393939393939,0.4994500000003086,0.2727272727272727,0.10724637681159416,0.03260869565217392,0.0,0.1278604697669768,0.0,0.0,0.0,0.0,0.0,0.0,0.4994500000000244,0.0,0.0,0.4999500000012631,0.0,0.0,849.9999999999982
2021-10-07 09:19:30,0.4772727272727273,0.4929657930443474,0.24564796905222439,0.050901664814531955,0.09090909090909105,0.03833762886597941,1.1102230246251565e-16,0.28571428571428575,0.28170380925623295,0.4285714285714286,0.0,0.06582380092313889,0.028341594439675474,0.4992286970736511,0.5343597446488926,0.004877245141911402,0.05295007564296523,0.33333333333333337,0.027322404371584706,0.026022024605301897,0.0029032090828969986,1.0000000000000002,0.0004431887430059282,0.029978513146380906,0.9328795045800911,0.41414905690969056,0.013572483974231246,0.0515736577624967,0.1310650169820479,0.33333333333333337,0.021193348549070755,0.7742780523815683,0.00024100118779157853,1.0,0.02589863808885913,0.05325443786982245,0.08745247148288976,0.36363636363636365,0.05185185185185184,0.25,0.03787878787878787,0.4994500000003086,0.2727272727272727,0.10724637681159416,0.048913043478260865,0.0,0.13953488372093026,0.0,0.0,0.0,0.0,0.0,0.0,0.4994500000000244,0.0,0.0,0.4999500000012631,0.0,1.0,146.24999999999997
2021-10-07 09:19:35,0.3928571428571428,0.4236205336951602,0.05222437137330753,0.050901664814531955,0.6818181818181819,0.03833762886597941,1.1102230246251565e-16,0.28571428571428575,0.10583430753394651,0.4285714285714286,0.0,0.06582380092313889,0.023738618427511626,2.877995993829296e-05,0.2489673300788586,0.004877245141911402,0.054462934947049936,0.6666666666666667,0.027322404371584706,0.009776307114926053,0.0029032090828969986,1.0000000000000002,0.0004431887430059282,0.020787146038551384,0.0004283347405086321,0.20012970869588728,0.013572483974231246,0.051838138058714636,0.1310650169820479,0.6666666666666666,0.021193348549070755,0.018414221397968215,0.00024100118779157853,1.0,0.02589863808885913,0.10059171597633132,0.0950570342205323,0.1818181818181818,0.05185185185185184,0.16666666666666663,0.03787878787878787,0.4994500000003086,0.2727272727272727,0.07463768115942027,0.048913043478260865,0.0,0.13953488372093026,0.0,0.0,0.0,0.0,0.0,0.0,0.4994500000000244,0.0,0.0,0.4999500000012631,0.0,1.0,146.24999999999997
2021-10-07 09:19:40,0.3928571428571428,0.4236205336951602,0.05222437137330753,0.10777893501589775,0.6818181818181819,0.027422680412371142,1.1102230246251565e-16,0.14285714285714296,0.10583430753394651,0.585253456221198,0.0,0.11180366186209545,0.023738618427511626,2.877995993829296e-05,0.2489673300788586,0.07831688428451711,0.054462934947049936,0.6666666666666667,0.029664324746291954,0.009776307114926053,0.003585530111596291,1.0000000000000002,0.051797684338817845,0.020787146038551384,0.0004283347405086321,0.20012970869588728,0.022019642260366894,0.051838138058714636,0.05173459485686558,0.6666666666666666,0.021519400065210303,0.018414221397968215,0.0002976420199453586,1.0,0.004688546550569328,0.10059171597633132,0.0950570342205323,0.1818181818181818,0.12345679012345673,0.16666666666666663,0.09090909090909088,0.4994500000003086,0.0,0.07463768115942027,0.07065217391304343,0.0,0.0813581432554419,0.0,0.0,0.0,0.0,0.0,0.0,0.4994500000000244,0.0,0.0,0.4999500000012631,0.0,0.0,158.33333333333334
2021-10-07 09:19:45,0.3664772727272727,0.558327244894409,0.0,0.10777893501589775,0.2272727272727274,0.027422680412371142,1.1102230246251565e-16,0.14285714285714296,0.0004944000800932713,0.585253456221198,0.0,0.11180366186209545,0.08024811009885642,0.00037413947919784645,0.0,0.07831688428451711,0.05748865355521938,0.6666666666666667,0.029664324746291954,4.566956720619686e-05,0.003585530111596291,1.0000000000000002,0.051797684338817845,0.46269121696224413,0.00026671565285279813,0.0,0.022019642260366894,0.05236709865115051,0.05173459485686558,0.6666666666666666,0.021519400065210303,1.0764073059988527e-06,0.0002976420199453586,1.0,0.004688546550569328,0.15976331360946738,0.07984790874524716,0.0,0.12345679012345673,0.0,0.09090909090909088,0.4994500000003086,0.0,0.086231884057971,0.07065217391304343,0.0,0.0813581432554419,0.0,0.0,0.0,0.0,0.0,0.0,0.4994500000000244,0.0,0.0,0.4999500000012631,0.0,0.0,158.33333333333334
2021-10-07 09:19:50,0.3664772727272727,0.558327244894409,0.0,0.34110895779098005,0.2272727272727274,0.0548453608247422,1.1102230246251565e-16,0.28571428571428575,0.0004944000800932713,0.8571428571428572,0.0,0.25342163355408376,0.08024811009885642,0.00037413947919784645,0.0,0.3922791638570465,0.05748865355521938,0.6666666666666667,0.029664324746291954,4.566956720619686e-05,0.7799263829125399,0.0,0.060329067641681916,0.46269121696224413,0.00026671565285279813,0.0,0.7938353377196447,0.05236709865115051,0.9214580300824836,0.6666666666666666,0.021519400065210303,1.0764073059988527e-06,0.43657365168442863,0.0,0.006251395400759141,0.15976331360946738,0.07984790874524716,0.0,0.2,0.0,0.1477272727272727,0.4994500000003086,0.2727272727272727,0.086231884057971,0.108695652173913,0.0,0.0,0.0,0.0,0.0,0.0,0.0,0.0,0.4994500000000244,0.0,0.0,0.4999500000012631,0.0,1.0,924.9999999999968
2021-10-07 09:19:55,0.4620535714285714,0.8628071762400116,0.07156673114119923,0.34110895779098005,0.34090909090909083,0.0548453608247422,1.1102230246251565e-16,0.28571428571428575,0.22445579648993963,0.8571428571428572,0.0,0.25342163355408376,0.03158973222939108,0.3179149494623902,0.41419451746151,0.3922791638570465,0.056732223903177025,1.0,0.029664324746291954,0.020733813555752212,0.7799263829125399,0.0,0.060329067641681916,0.030515913557792297,0.8904876127359357,0.31038210019996776,0.7938353377196447,0.052234858503041534,0.9214580300824836,0.9999999999999999,0.021519400065210303,0.03328824064599219,0.43657365168442863,0.0,0.006251395400759141,0.19526627218934905,0.19391634980988598,0.2727272727272727,0.2,0.3333333333333333,0.1477272727272727,0.4994500000003086,0.2727272727272727,0.14710144927536228,0.108695652173913,0.0,0.0,0.0,0.0,0.0,0.0,0.0,0.0,0.4994500000000244,0.0,0.0,0.4999500000012631,0.0,1.0,924.9999999999968
2021-10-07 09:20:00,0.4620535714285714,0.8628071762400116,0.07156673114119923,0.16653062937384044,0.34090909090909083,0.11322431567721294,1.1102230246251565e-16,0.05714285714285722,0.22445579648993963,0.4752186588921281,0.0,0.6833333333333331,0.03158973222939108,0.3179149494623902,0.41419451746151,0.10729939312205,0.056732223903177025,1.0,0.027322404371584706,0.020733813555752212,0.0042490115440649845,0.0,0.043875685557586766,0.030515913557792297,0.8904876127359357,0.31038210019996776,0.02146035552452706,0.052234858503041534,0.15762979136341565,0.9999999999999999,0.021193348549070755,0.03328824064599219,0.007419393709869021,0.0,0.025563741906675555,0.19526627218934905,0.19391634980988598,0.2727272727272727,0.4296296296296296,0.3333333333333333,0.33712121212121204,0.4994500000003086,0.2727272727272727,0.14710144927536228,0.27717391304347827,0.0,0.44180581395348834,0.0,0.0,0.0,0.0,0.0,0.0,0.4994500000000244,0.0,0.0,0.4999500000012631,0.0,0.4999500000012631,275.76923076923083
2021-10-07 09:20:05,0.36352040816326536,0.5863434669404817,0.14893617021276598,0.16653062937384044,0.9090909090909092,0.11322431567721294,1.1102230246251565e-16,0.05714285714285722,0.1116181286738609,0.4752186588921281,0.0,0.6833333333333331,0.03375515742253492,0.0020548891395943112,0.2564776567780701,0.10729939312205,0.05799293998991429,0.6666666666666667,0.027322404371584706,0.010310580103327971,0.0042490115440649845,0.0,0.043875685557586766,0.5796548359164925,0.030947847375058745,0.2012106144949469,0.02146035552452706,0.05245525874988981,0.15762979136341565,0.6666666666666666,0.021193348549070755,0.011035248638357581,0.007419393709869021,0.0,0.025563741906675555,0.37869822485207094,0.4220532319391635,0.4545454545454545,0.4296296296296296,0.41666666666666663,0.33712121212121204,0.4994500000003086,0.2727272727272727,0.3717391304347826,0.27717391304347827,0.0,0.44180581395348834,0.0,0.0,0.0,0.0,0.0,0.0,0.4994500000000244,0.0,0.0,0.4999500000012631,0.0,0.4999500000012631,275.76923076923083
2021-10-07 09:20:10,0.36352040816326536,0.5863434669404817,0.14893617021276598,0.45684877276326197,0.9090909090909092,0.1453911461491814,1.1102230246251565e-16,0.11428571428571432,0.1116181286738609,0.5320197044334973,0.0,0.0,0.03375515742253492,0.0020548891395943112,0.2564776567780701,0.3159236047756933,0.05799293998991429,0.6666666666666667,0.013661202185792344,0.010310580103327971,0.008180470913384613,0.0,0.0,0.5796548359164925,0.030947847375058745,0.2012106144949469,0.6943208702391409,0.05245525874988981,0.1498968947113053,0.6666666666666666,0.010596674274535377,0.011035248638357581,0.041400561188480386,0.0,0.0,0.37869822485207094,0.4220532319391635,0.4545454545454545,0.5962962962962963,0.41666666666666663,0.46590909090909083,0.4994500000003086,0.3636363636363636,0.3717391304347826,0.3804347826086957,0.0,0.3255383720930233,0.0,0.0,0.0,0.0,0.0,0.0,0.4994500000000244,0.0,0.0,0.4999500000012631,0.0,0.4999500000012631,285.83333333333337
2021-10-07 09:20:15,0.36397058823529416,0.6781956427126801,0.5744680851063827,0.45684877276326197,0.18181818181818188,0.1453911461491814,1.1102230246251565e-16,0.11428571428571432,0.18459163261951872,0.5320197044334973,0.0,0.0,0.06432586603162273,0.0011703850374906975,0.2689948679434224,0.3159236047756933,0.026475037821482604,1.0,0.013661202185792344,0.017051413037829533,0.008180470913384613,0.0,0.0,0.5122163529158437,0.003174534484037685,0.20301212416004627,0.6943208702391409,0.025786828881248357,0.1498968947113053,0.9999999999999999,0.010596674274535377,0.016001546034994214,0.041400561188480386,0.0,0.0,0.5207100591715975,0.5665399239543727,0.36363636363636365,0.5962962962962963,0.3333333333333333,0.46590909090909083,0.4994500000003086,0.3636363636363636,0.5304347826086957,0.3804347826086957,0.0,0.3255383720930233,0.0,0.0,0.0,0.0,0.0,0.0,0.4994500000000244,0.0,0.0,0.4999500000012631,0.0,0.4999500000012631,285.83333333333337
2021-10-07 09:20:20,0.36397058823529416,0.6781956427126801,0.5744680851063827,0.4712686766381424,0.18181818181818188,0.27881911902530476,1.1102230246251565e-16,0.2285714285714286,0.18459163261951872,0.5414462081128748,0.0,0.15962271723861043,0.06432586603162273,0.0011703850374906975,0.2689948679434224,0.28940384183135376,0.026475037821482604,1.0,0.024980483996877422,0.017051413037829533,0.008233439515517388,1.0000000000000002,0.013406459475929253,0.5122163529158437,0.003174534484037685,0.20301212416004627,0.07338402179326402,0.025786828881248357,0.1531720038816108,0.9999999999999999,0.0208672970329312,0.016001546034994214,0.04830352378165313,1.0,0.01786112971645451,0.5207100591715975,0.5665399239543727,0.36363636363636365,0.7876543209876541,0.3333333333333333,0.6818181818181819,0.4994500000003086,0.5454545454545453,0.5304347826086957,0.6032608695652173,0.0,0.5580732558139535,0.0,0.0,0.0,0.0,0.0,0.0,0.4994500000000244,0.0,0.0,0.4999500000012631,0.0,0.4999500000012631,297.09302325581393
2021-10-07 09:20:25,0.42349137931034486,0.5760227077777258,0.264990328820116,0.4712686766381424,0.2727272727272727,0.27881911902530476,1.1102230246251565e-16,0.2285714285714286,0.7585728011797777,0.5414462081128748,0.0,0.15962271723861043,0.9750782266773734,0.001455114774480233,0.3691325572662413,0.28940384183135376,0.04992435703479579,1.0,0.024980483996877422,0.5090208426274269,0.008233439515517388,1.0000000000000002,0.013406459475929253,0.9958767231861017,0.0030420598220247115,0.30389666540561006,0.07338402179326402,0.05104469717006084,0.1531720038816108,0.9999999999999999,0.0208672970329312,0.05293786473619057,0.04830352378165313,1.0,0.01786112971645451,0.7633136094674554,0.6920152091254752,0.5454545454545454,0.7876543209876541,0.41666666666666663,0.6818181818181819,0.4994500000003086,0.5454545454545453,0.6586956521739129,0.6032608695652173,0.0,0.5580732558139535,0.0,0.0,0.0,0.0,0.0,0.0,0.4994500000000244,0.0,0.0,0.4999500000012631,0.0,0.4999500000012631,297.09302325581393
2021-10-07 09:20:30,0.42349137931034486,0.5760227077777258,0.264990328820116,0.9999999999999998,0.2727272727272727,1.0,1.1102230246251565e-16,0.35714285714285704,0.7585728011797777,0.7416413373860182,0.0,1.0000000000000004,0.9750782266773734,0.001455114774480233,0.3691325572662413,0.7878736794785342,0.04992435703479579,1.0,0.04059328649492583,0.5090208426274269,0.1150734705745785,0.0,0.06520414381474701,0.9958767231861017,0.0030420598220247115,0.30389666540561006,0.10239398731729735,0.05104469717006084,0.46633079020897117,0.9999999999999999,0.031735680904249546,0.05293786473619057,0.22535332495567348,0.0,0.08238446081714618,0.7633136094674554,0.6920152091254752,0.5454545454545454,1.0,0.41666666666666663,0.8787878787878787,0.4994500000003086,0.5454545454545453,0.6586956521739129,0.8152173913043477,0.0,0.49993953488372095,0.0,0.0,0.0,0.0,0.0,0.0,0.4994500000000244,0.0,0.0,0.4999500000012631,0.0,0.4999500000012631,756.0344827586201
2021-10-07 09:20:35,0.4460227272727275,0.992672998643148,0.2553191489361702,0.9999999999999998,0.28409090909090917,1.0,1.1102230246251565e-16,0.35714285714285704,0.6616847774419368,0.7416413373860182,0.0,1.0000000000000004,1.0,0.002601708378421939,0.3691325572662413,0.7878736794785342,0.052193645990922834,1.0,0.04059328649492583,0.4764308918310137,0.1150734705745785,0.0,0.06520414381474701,1.0,0.028165879472786287,0.30389666540561006,0.10239398731729735,0.051441417614387724,0.46633079020897117,0.9999999999999999,0.031735680904249546,0.0270003609371285,0.22535332495567348,0.0,0.08238446081714618,0.9763313609467454,0.8365019011406845,0.5454545454545454,1.0,0.8333333333333333,0.8787878787878787,0.4994500000003086,0.5454545454545453,0.8434782608695652,0.8152173913043477,0.0,0.49993953488372095,0.0,0.0,0.0,0.0,0.0,0.0,0.4994500000000244,0.0,0.0,0.4999500000012631,0.0,0.4999500000012631,756.0344827586201
2021-10-07 09:20:40,0.4460227272727275,0.992672998643148,0.2553191489361702,0.8659943015690377,0.28409090909090917,0.8608247422680413,1.1102230246251565e-16,0.28571428571428564,0.6616847774419368,1.0,0.0,0.24386804022565567,1.0,0.002601708378421939,0.3691325572662413,0.6212070128118687,0.052193645990922834,1.0,0.022638563622170153,0.4764308918310137,0.5061952408108235,0.0,0.019195612431444162,1.0,0.028165879472786287,0.30389666540561006,0.6376207666746652,0.051441417614387724,0.4593401261523533,0.9999999999999999,0.020541245516791658,0.0270003609371285,0.41385068254979496,0.0,0.013395847287340945,0.9763313609467454,0.8365019011406845,0.5454545454545454,0.9098765432098763,0.8333333333333333,0.9696969696969695,0.4994500000003086,0.818181818181818,0.8434782608695652,1.0,0.0,0.7906081395348837,0.0,0.0,0.0,0.0,0.0,0.0,0.4994500000000244,0.0,0.0,0.4999500000012631,0.0,0.4999500000012631,691.9999999999994
2021-10-07 09:20:45,0.3515625,1.0,0.34235976789168276,0.8659943015690377,0.7954545454545454,0.8608247422680413,1.1102230246251565e-16,0.28571428571428564,0.8037732940690816,1.0,0.0,0.24386804022565567,0.7132457686828687,0.004028588497467968,0.3390912504693956,0.6212070128118687,0.05648008068582957,1.0,0.022638563622170153,0.6742340312004133,0.5061952408108235,0.0,0.019195612431444162,0.9993891441757172,0.007522542140820812,0.2995730422093715,0.6376207666746652,0.05219077845367187,0.4593401261523533,0.9999999999999999,0.020541245516791658,0.050714223731553085,0.41385068254979496,0.0,0.013395847287340945,0.9408284023668638,1.0,0.9090909090909091,0.9098765432098763,0.6666666666666666,0.9696969696969695,0.4994500000003086,0.818181818181818,1.0,1.0,0.0,0.7906081395348837,0.0,0.0,0.0,0.0,0.0,0.0,0.4994500000000244,0.0,0.0,0.4999500000012631,0.0,0.4999500000012631,691.9999999999994
2021-10-07 09:20:50,0.3515625,1.0,0.34235976789168276,0.917217301533426,0.7954545454545454,0.6686303387334315,1.1102230246251565e-16,0.5714285714285714,0.8037732940690816,0.9372056514913658,0.0,0.5128771155261211,0.7132457686828687,0.004028588497467968,0.3390912504693956,0.9414662470967243,0.05648008068582957,1.0,0.03825136612021855,0.6742340312004133,0.98409361906692,1.0000000000000002,0.023765996343692867,0.9993891441757172,0.007522542140820812,0.2995730422093715,0.881199783007766,0.05219077845367187,0.8739689471130523,0.9999999999999999,0.03140962938810999,0.050714223731553085,0.8457162038870106,1.0,0.06787229292252664,0.9408284023668638,1.0,0.9090909090909091,0.954320987654321,0.6666666666666666,1.0,0.4994500000003086,0.818181818181818,1.0,0.951086956521739,0.0,0.6510116430217445,0.0,0.0,0.0,0.0,0.0,0.0,0.4994500000000244,0.0,0.0,0.4999500000012631,0.0,0.0,932.894736842105
2021-10-07 09:20:55,0.2093750000000001,0.8758879399792474,1.0,0.917217301533426,1.0,0.6686303387334315,1.1102230246251565e-16,0.5714285714285714,0.9968975551959449,0.9372056514913658,0.0,0.5128771155261211,0.05040527550427031,0.15041558262150906,1.0,0.9414662470967243,1.0,1.0,0.03825136612021855,0.8926922878900595,0.98409361906692,1.0000000000000002,0.023765996343692867,0.13252364393824825,0.3976818700476561,1.0,0.881199783007766,1.0,0.8739689471130523,0.9999999999999999,0.03140962938810999,0.057407139662502535,0.8457162038870106,1.0,0.06787229292252664,1.0,0.9581749049429658,0.9090909090909091,0.954320987654321,0.7499999999999999,1.0,0.4994500000003086,0.818181818181818,0.9978260869565219,0.951086956521739,0.0,0.6510116430217445,0.0,0.0,0.0,0.0,0.0,0.0,0.4994500000000244,0.0,0.0,0.4999500000012631,0.0,0.0,932.894736842105
2021-10-07 09:21:00,0.2093750000000001,0.8758879399792474,1.0,0.41624677692128786,1.0,0.5159793814432989,1.1102230246251565e-16,0.45714285714285724,0.9968975551959449,0.8057142857142858,0.0,0.5888589104188804,0.05040527550427031,0.15041558262150906,1.0,0.33046752079118913,1.0,1.0,0.027712724434035902,0.8926922878900595,0.4750894292083572,0.0,0.023258175908998587,0.13252364393824825,0.3976818700476561,1.0,0.43434896682106816,1.0,0.47029987553530395,0.9999999999999999,0.021247690468427338,0.057407139662502535,0.4324995839860467,0.0,0.03438267470417475,1.0,0.9581749049429658,0.9090909090909091,0.7444444444444442,0.7499999999999999,0.8257575757575757,0.4994500000003086,0.7272727272727272,0.9978260869565219,0.9782608695652173,0.0,1.0,0.0,0.0,0.0,0.0,0.0,0.0,0.4994500000000244,0.0,0.0,0.4999500000012631,0.0,1.0,705.4347826086952
2021-10-07 09:21:05,0.1477941176470588,0.8373931209752103,0.2778852353320438,0.41624677692128786,0.9090909090909092,0.5159793814432989,1.1102230246251565e-16,0.45714285714285724,0.33007423163702665,0.8057142857142858,0.0,0.5888589104188804,0.06432586603162303,0.0028685770978497706,0.39917386406308714,0.33046752079118913,0.07413010590015129,2.220446049250313e-16,0.027712724434035902,0.030490179738472234,0.4750894292083572,0.0,0.023258175908998587,0.2256028001630993,0.006344653146008268,0.3082202886018485,0.43434896682106816,0.07643480560698229,0.47029987553530395,0.0,0.021247690468427338,0.03793948077873562,0.4324995839860467,0.0,0.03438267470417475,0.7573964497041419,0.8174904942965779,0.6363636363636362,0.7444444444444442,0.7499999999999999,0.8257575757575757,0.4994500000003086,0.7272727272727272,0.886231884057971,0.9782608695652173,0.0,1.0,0.0,0.0,0.0,0.0,0.0,0.0,0.4994500000000244,0.0,0.0,0.4999500000012631,0.0,1.0,705.4347826086952
2021-10-07 09:21:10,0.1477941176470588,0.8373931209752103,0.2778852353320438,0.6979352648201498,0.9090909090909092,0.5710443747198568,1.1102230246251565e-16,0.5306122448979593,0.33007423163702665,0.9591836734693877,0.0,0.45778545605784293,0.06432586603162303,0.0028685770978497706,0.39917386406308714,1.0,0.07413010590015129,2.220446049250313e-16,0.02836325787145459,0.030490179738472234,1.0,1.0000000000000002,0.0195680140835534,0.2256028001630993,0.006344653146008268,0.3082202886018485,0.9955775781292083,0.07643480560698229,0.547549733139249,0.0,0.021338260334021662,0.03793948077873562,1.0,1.0,0.09801294931904445,0.7573964497041419,0.8174904942965779,0.6363636363636362,0.7543209876543209,0.7499999999999999,0.8333333333333333,0.4994500000003086,0.9999999999999999,0.886231884057971,0.8478260869565217,0.0,0.8022348837209303,0.0,0.0,0.0,0.0,0.0,0.0,0.4994500000000244,0.0,0.0,0.4999500000012631,0.0,0.4999500000012631,789.9999999999991
2021-10-07 09:21:15,0.31500000000000006,0.9149059895328544,0.5744680851063829,0.6979352648201498,0.9090909090909092,0.5710443747198568,1.1102230246251565e-16,0.5306122448979593,0.8743960505360704,0.9591836734693877,0.0,0.45778545605784293,0.5642843297427516,0.051988119632537126,1.0,1.0,0.08093797276853254,0.6666666666666667,0.02836325787145459,0.545157380551437,1.0,1.0000000000000002,0.0195680140835534,0.9045537774560607,0.2908189760238514,1.0,0.9955775781292083,0.07762496693996297,0.547549733139249,0.6666666666666666,0.021338260334021662,0.03747684405964971,1.0,1.0,0.09801294931904445,0.7928994082840235,0.855513307984791,1.0000000000000002,0.7543209876543209,0.9999999999999999,0.8333333333333333,0.4994500000003086,0.9999999999999999,0.8804347826086956,0.8478260869565217,0.0,0.8022348837209303,0.0,0.0,0.0,0.0,0.0,0.0,0.4994500000000244,0.0,0.0,0.4999500000012631,0.0,0.4999500000012631,789.9999999999991
2021-10-07 09:21:20,0.31500000000000006,0.9149059895328544,0.5744680851063829,0.5166925039305268,0.9090909090909092,0.2345360824742269,1.1102230246251565e-16,0.42857142857142866,0.8743960505360704,0.6950240770465488,0.0,0.22794538467827552,0.5642843297427516,0.051988119632537126,1.0,0.37348592692490173,0.08093797276853254,0.6666666666666667,0.026932084309133474,0.545157380551437,0.052050391414795255,1.0000000000000002,0.025594149908592215,0.9045537774560607,0.2908189760238514,1.0,0.10265818240627134,0.07762496693996297,0.750879427462398,0.6666666666666666,0.021139006629714158,0.03747684405964971,0.3718906543182269,1.0,0.07680285778075424,0.7928994082840235,0.855513307984791,1.0000000000000002,0.5938271604938271,0.9999999999999999,0.6098484848484848,0.4994500000003086,0.909090909090909,0.8804347826086956,0.592391304347826,0.0,0.5580732558139535,0.0,0.0,0.0,0.0,0.0,0.0,0.4994500000000244,0.0,0.0,0.4999500000012631,0.0,0.4999500000012631,590.6249999999997
2021-10-07 09:21:25,0.12053571428571425,0.7437300302009011,0.29593810444874274,0.5166925039305268,0.38961038961038985,0.2345360824742269,1.1102230246251565e-16,0.42857142857142866,0.2416605665063729,0.6950240770465488,0.0,0.22794538467827552,0.013135851355467557,0.04939792323809073,0.3803980473150584,0.37348592692490173,0.052193645990922834,2.220446049250313e-16,0.026932084309133474,0.02232308190777843,0.052050391414795255,1.0000000000000002,0.025594149908592215,0.020784751206058452,0.4484638238192973,0.3055180241041994,0.10265818240627134,0.051441417614387724,0.750879427462398,0.0,0.021139006629714158,0.014109425812927448,0.3718906543182269,1.0,0.07680285778075424,0.5384615384615384,0.5209125475285172,1.0000000000000002,0.5938271604938271,0.8333333333333333,0.6098484848484848,0.4994500000003086,0.909090909090909,0.5376811594202899,0.592391304347826,0.0,0.5580732558139535,0.0,0.0,0.0,0.0,0.0,0.0,0.4994500000000244,0.0,0.0,0.4999500000012631,0.0,0.4999500000012631,590.6249999999997
2021-10-07 09:21:30,0.12053571428571425,0.7437300302009011,0.29593810444874274,0.21171040689029197,0.38961038961038985,0.10051546391752592,1.1102230246251565e-16,0.3809523809523811,0.2416605665063729,0.5663265306122449,0.0,0.11180366186209545,0.013135851355467557,0.04939792323809073,0.3803980473150584,0.14072015137971966,0.052193645990922834,2.220446049250313e-16,1.0,0.02232308190777843,0.005502766195388933,1.0000000000000002,0.0038594353036766164,0.020784751206058452,0.4484638238192973,0.3055180241041994,0.14737701408658696,0.051441417614387724,0.13070111596312498,0.0,1.0,0.014109425812927448,0.02807663837771794,1.0,0.06229068988613495,0.5384615384615384,0.5209125475285172,1.0000000000000002,0.4271604938271605,0.8333333333333333,0.5265151515151515,0.4994500000003086,0.9999999999999999,0.5376811594202899,0.5706521739130435,0.0,0.7092209302325583,0.0,0.0,0.0,0.0,0.0,0.0,0.4994500000000244,0.0,0.0,0.4999500000012631,0.0,0.4999500000012631,268.8095238095238
2021-10-07 09:21:35,0.08695652173913043,0.7519021692458301,0.2263056092843327,0.21171040689029197,0.9090909090909092,0.10051546391752592,1.1102230246251565e-16,0.3809523809523811,0.17951139939507854,0.5663265306122449,0.0,0.11180366186209545,0.23947055077119,0.0017728455321990183,0.36162223056703,0.14072015137971966,0.056732223903177025,0.6666666666666667,1.0,0.016582133072052474,0.005502766195388933,1.0000000000000002,0.0038594353036766164,0.8659171465702724,0.24383462922991603,0.30281575960655044,0.14737701408658696,0.052234858503041534,0.13070111596312498,0.6666666666666666,1.0,0.0212355236633602,0.02807663837771794,1.0,0.06229068988613495,0.4556213017751478,0.39543726235741444,0.6363636363636362,0.4271604938271605,0.3333333333333333,0.5265151515151515,0.4994500000003086,0.9999999999999999,0.4202898550724637,0.5706521739130435,0.0,0.7092209302325583,0.0,0.0,0.0,0.0,0.0,0.0,0.4994500000000244,0.0,0.0,0.4999500000012631,0.0,0.4999500000012631,268.8095238095238
2021-10-07 09:21:40,0.08695652173913043,0.7519021692458301,0.2263056092843327,0.16336262440687155,0.9090909090909092,0.05628865979381445,1.1102230246251565e-16,0.28571428571428575,0.17951139939507854,0.587301587301587,0.0,0.26528126665144214,0.23947055077119,0.0017728455321990183,0.36162223056703,0.10725400695056825,0.056732223903177025,0.6666666666666667,0.027322404371584706,0.016582133072052474,0.08522992379076105,0.0,1.0,0.8659171465702724,0.24383462922991603,0.30281575960655044,0.01877963634239696,0.052234858503041534,0.4090399078117428,0.6666666666666666,0.021193348549070755,0.0212355236633602,0.251174880790484,0.0,1.0,0.4556213017751478,0.39543726235741444,0.6363636363636362,0.23086419753086418,0.3333333333333333,0.2727272727272727,0.4994500000003086,0.2727272727272727,0.4202898550724637,0.25543478260869557,0.0,0.2441511627906977,0.0,0.0,0.0,0.0,0.0,0.0,0.4994500000000244,0.0,0.0,0.4999500000012631,0.0,0.4999500000012631,297.0000000000002
2021-10-07 09:21:45,0.046875,0.5959595959595956,0.1876208897485493,0.16336262440687155,0.6060606060606057,0.05628865979381445,1.1102230246251565e-16,0.28571428571428575,0.013048661630210567,0.587301587301587,0.0,0.26528126665144214,0.010986348406391051,0.0012663182372850143,0.2602328201276758,0.10725400695056825,0.051437216338880494,0.33333333333333337,0.027322404371584706,0.001205353221541805,0.08522992379076105,0.0,1.0,0.014330677637637268,0.041236712791400155,0.2017510673944767,0.01877963634239696,0.05130917746627876,0.4090399078117428,0.33333333333333337,0.021193348549070755,2.8409531627830373e-05,0.251174880790484,0.0,1.0,0.2426035502958579,0.2737642585551331,0.36363636363636365,0.23086419753086418,0.3333333333333333,0.2727272727272727,0.4994500000003086,0.2727272727272727,0.29565217391304344,0.25543478260869557,0.0,0.2441511627906977,0.0,0.0,0.0,0.0,0.0,0.0,0.4994500000000244,0.0,0.0,0.4999500000012631,0.0,0.4999500000012631,297.0000000000002
2021-10-07 09:21:50,0.046875,0.5959595959595956,0.1876208897485493,0.06851546202832504,0.6060606060606057,0.01587628865979382,1.1102230246251565e-16,0.35714285714285704,0.013048661630210567,0.4285714285714286,0.0,0.032324187953327144,0.010986348406391051,0.0012663182372850143,0.2602328201276758,0.006564946461791565,0.051437216338880494,0.33333333333333337,0.015027322404371584,0.001205353221541805,0.004302970605008019,0.0,0.00021763732915469972,0.014330677637637268,0.041236712791400155,0.2017510673944767,0.021363926776968266,0.05130917746627876,0.0527535177098496,0.33333333333333337,0.01078687099228345,2.8409531627830373e-05,0.014132998226919838,0.0,0.002232641214556852,0.2426035502958579,0.2737642585551331,0.36363636363636365,0.1308641975308642,0.3333333333333333,0.17803030303030304,0.4994500000003086,0.3636363636363636,0.29565217391304344,0.20656087347865212,0.0,0.20927093023255816,0.0,0.0,0.0,0.0,0.0,0.0,0.4994500000000244,0.0,0.0,1.0,0.0,0.4999500000012631,167.66666666666666
2021-10-07 09:21:55,0.01838235294117646,0.5951204526253808,0.07156673114119923,0.06851546202832504,0.8181818181818183,0.01587628865979382,1.1102230246251565e-16,0.35714285714285704,0.041527644822809684,0.4285714285714286,0.0,0.032324187953327144,0.00764267715227201,0.00039768671914736054,0.11378144949305305,0.006564946461791565,0.04992435703479579,0.6666666666666667,0.015027322404371584,0.003836062416878838,0.004302970605008019,0.0,0.00021763732915469972,0.015279031304833829,0.00039389132838525535,0.09420094038804523,0.021363926776968266,0.05104469717006084,0.0527535177098496,0.6666666666666666,0.01078687099228345,9.041394224610505e-05,0.014132998226919838,0.0,0.002232641214556852,0.18934911242603542,0.14448669201520914,0.2727272727272727,0.1308641975308642,0.41666666666666663,0.17803030303030304,0.4994500000003086,0.3636363636363636,0.1615942028985507,0.20656087347865212,0.0,0.20927093023255816,0.0,0.0,0.0,0.0,0.0,0.0,0.4994500000000244,0.0,0.0,1.0,0.0,0.4999500000012631,167.66666666666666
2021-10-07 09:22:00,0.01838235294117646,0.5951204526253808,0.07156673114119923,0.03501034757357324,0.8181818181818183,0.016332067281606077,1.1102230246251565e-16,0.28571428571428575,0.041527644822809684,0.21848739495798308,0.0,0.07326815936087439,0.00764267715227201,0.00039768671914736054,0.11378144949305305,0.003354586696564993,0.04992435703479579,0.6666666666666667,0.027322404371584706,0.003836062416878838,0.0010961095517059982,0.0,0.000493311279417312,0.015279031304833829,0.00039389132838525535,0.09420094038804523,0.00757847302598645,0.05104469717006084,0.07429645803008228,0.6666666666666666,0.021193348549070755,9.041394224610505e-05,9.099024437028702e-05,0.0,0.003795490064746554,0.18934911242603542,0.14448669201520914,0.2727272727272727,0.040740740740740744,0.41666666666666663,0.056818181818181795,0.4994500000003086,0.2727272727272727,0.1615942028985507,0.07606087217365218,0.0,0.1278837209302326,0.0,0.0,0.0,0.0,0.0,0.0,0.4994500000000244,0.0,0.0,0.0,0.0,0.4999500000012631,170.62499999999994
2021-10-07 09:22:05,0.010416666666666685,0.3402306648575304,0.07156673114119923,0.03501034757357324,0.4545454545454546,0.016332067281606077,1.1102230246251565e-16,0.28571428571428575,0.0,0.21848739495798308,0.0,0.07326815936087439,0.0019106692880679847,3.4535951925955414e-05,0.3916635373638757,0.003354586696564993,0.028744326777609693,0.6666666666666667,0.027322404371584706,0.0,0.0010961095517059982,0.0,0.000493311279417312,0.03825026457692886,0.0021213609210345057,0.3071393828027889,0.00757847302598645,0.026183549325575248,0.07429645803008228,0.6666666666666666,0.021193348549070755,0.0,9.099024437028702e-05,0.0,0.003795490064746554,0.08284023668639051,0.07224334600760457,0.2727272727272727,0.040740740740740744,0.08333333333333333,0.056818181818181795,0.4994500000003086,0.2727272727272727,0.09275362318840574,0.07606087217365218,0.0,0.1278837209302326,0.0,0.0,0.0,0.0,0.0,0.0,0.4994500000000244,0.0,0.0,0.0,0.0,0.4999500000012631,170.62499999999994
2021-10-07 09:22:10,0.010416666666666685,0.3402306648575304,0.07156673114119923,0.05296576149310073,0.4545454545454546,0.0,1.1102230246251565e-16,0.14285714285714296,0.0,0.19047619047619024,0.0,0.19610007358351744,0.0019106692880679847,3.4535951925955414e-05,0.3916635373638757,0.005075020706515554,0.028744326777609693,0.6666666666666667,0.029664324746291954,0.0,0.0015898525930150287,0.0,0.0578915295551493,0.03825026457692886,0.0021213609210345057,0.3071393828027889,0.01715963338341201,0.026183549325575248,0.026807375060649945,0.6666666666666666,0.021519400065210303,0.0,0.00013197684093348844,0.0,0.005804867157847712,0.08284023668639051,0.07224334600760457,0.2727272727272727,0.01358024691358023,0.08333333333333333,0.011363636363636381,0.4994500000003086,0.0,0.09275362318840574,0.021739130434782594,0.0,0.02324302325581397,0.0,0.0,0.0,0.0,0.0,0.0,0.4994500000000244,0.0,0.0,0.4999500000012631,0.0,0.4999500000012631,85.83333333333326
2021-10-07 09:22:15,0.01874999999999999,0.20937271683540315,0.0,0.05296576149310073,0.0,0.0,1.1102230246251565e-16,0.14285714285714296,0.058052057889414144,0.19047619047619024,0.0,0.19610007358351744,0.006368897626893357,0.0,0.013894104393541131,0.005075020706515554,0.0,1.0,0.029664324746291954,0.005362483676650265,0.0015898525930150287,0.0,0.0578915295551493,0.00948353667196584,0.0,0.010646922120737184,0.01715963338341201,0.0,0.026807375060649945,0.9999999999999999,0.021519400065210303,0.002570157416377757,0.00013197684093348844,0.0,0.005804867157847712,0.05325443786982245,0.007604562737642595,0.0,0.01358024691358023,0.0,0.011363636363636381,0.4994500000003086,0.0,0.027536231884057932,0.021739130434782594,0.0,0.02324302325581397,0.0,0.0,0.0,0.0,0.0,0.0,0.4994500000000244,0.0,0.0,0.4999500000012631,0.0,0.4999500000012631,85.83333333333326
2021-10-07 09:22:20,0.01874999999999999,0.20937271683540315,0.0,0.01944502189188424,0.0,0.005942995755003039,1.1102230246251565e-16,0.0,0.058052057889414144,0.5129870129870131,0.0,0.19610007358351744,0.006368897626893357,0.0,0.013894104393541131,0.001863163786530564,0.0,1.0,0.0,0.005362483676650265,0.0032708232200170245,1.0000000000000002,0.0578915295551493,0.00948353667196584,0.0,0.010646922120737184,0.008365331606064825,0.0,0.0,0.9999999999999999,0.0,0.002570157416377757,0.0002715175719599991,1.0,0.005804867157847712,0.05325443786982245,0.007604562737642595,0.0,0.018518518518518517,0.0,0.018939393939393923,0.4994500000003086,0.0,0.027536231884057932,0.0054347826086956486,0.0,0.02324302325581397,0.0,0.0,0.0,0.0,0.0,0.0,0.4994500000000244,0.0,0.0,0.4999500000012631,0.0,0.4999500000012631,84.44444444444443
2021-10-07 09:22:25,0.01171875,0.5336951605608315,0.0,0.01944502189188424,0.4545454545454546,0.005942995755003039,1.1102230246251565e-16,0.0,0.03333987258260329,0.5129870129870131,0.0,0.19610007358351744,0.0025475590507573302,0.0004742937397831156,0.013894104393541131,0.001863163786530564,0.05597579425113467,1.0,0.0,0.0030797275584336647,0.0032708232200170245,1.0000000000000002,0.0578915295551493,0.008851300893834771,0.006546014632267991,0.010646922120737184,0.008365331606064825,0.05210261835493257,0.0,0.9999999999999999,0.0,7.258753360653639e-05,0.0002715175719599991,1.0,0.005804867157847712,0.059171597633136064,0.015209125475285162,0.0,0.018518518518518517,0.08333333333333333,0.018939393939393923,0.4994500000003086,0.0,0.023188405797101408,0.0054347826086956486,0.0,0.02324302325581397,0.0,0.0,0.0,0.0,0.0,0.0,0.4994500000000244,0.0,0.0,0.4999500000012631,0.0,0.4999500000012631,84.44444444444443
2021-10-07 09:22:30,0.01171875,0.5336951605608315,0.0,0.05797000481806114,0.4545454545454546,0.023771983020012127,1.1102230246251565e-16,1.0,0.03333987258260329,0.7755102040816326,0.0,0.08145695364238392,0.0025475590507573302,0.0004742937397831156,0.013894104393541131,0.005554512321073429,0.05597579425113467,1.0,0.1217798594847775,0.0030797275584336647,0.006013790243143774,1.0000000000000002,0.0005484460694698372,0.008851300893834771,0.006546014632267991,0.010646922120737184,0.01681248989220096,0.05210261835493257,0.13270257156720003,0.9999999999999999,0.09520704271274862,7.258753360653639e-05,0.02756020726102154,1.0,0.026345166331770517,0.059171597633136064,0.015209125475285162,0.0,0.029629629629629617,0.08333333333333333,0.03787878787878787,0.4994500000003086,0.18181818181818177,0.023188405797101408,0.06521739130434781,0.0,0.11625697674418604,0.0,0.0,0.0,0.0,0.0,0.0,0.4994500000000244,0.0,0.0,0.4999500000012631,0.0,0.4999500000012631,159.99999999999977
2021-10-07 09:22:35,0.03749999999999998,0.7204884667571232,0.07156673114119923,0.05797000481806114,0.6818181818181819,0.023771983020012127,1.1102230246251565e-16,1.0,0.08375670043746375,0.7755102040816326,0.0,0.08145695364238392,0.009553346440340034,0.00040396598313389813,0.3916635373638757,0.005554512321073429,0.054462934947049936,1.0,0.1217798594847775,0.007736916747405953,0.006013790243143774,1.0000000000000002,0.0005484460694698372,0.010010399820408382,0.0002932105852553931,0.3071393828027889,0.01681248989220096,0.051838138058714636,0.13270257156720003,0.9999999999999999,0.09520704271274862,0.039655713768892584,0.02756020726102154,1.0,0.026345166331770517,0.035502958579881644,0.060836501901140705,0.2727272727272727,0.029629629629629617,0.16666666666666663,0.03787878787878787,0.4994500000003086,0.18181818181818177,0.07681159420289854,0.06521739130434781,0.0,0.11625697674418604,0.0,0.0,0.0,0.0,0.0,0.0,0.4994500000000244,0.0,0.0,0.4999500000012631,0.0,0.4999500000012631,159.99999999999977
2021-10-07 09:22:40,0.03749999999999998,0.7204884667571232,0.07156673114119923,0.0,0.6818181818181819,0.012628865979381454,1.1102230246251565e-16,0.09523809523809523,0.08375670043746375,0.5129870129870131,0.0,0.09050772626931503,0.009553346440340034,0.00040396598313389813,0.3916635373638757,0.0,0.054462934947049936,1.0,0.04449648711943793,0.007736916747405953,0.0032708232200170245,0.0,0.0006093845216331509,0.010010399820408382,0.0002932105852553931,0.3071393828027889,0.0,0.051838138058714636,0.08139252789907789,0.9999999999999999,0.032279100097815455,0.039655713768892584,0.0002715175719599991,0.0,0.026568430453226183,0.035502958579881644,0.060836501901140705,0.2727272727272727,0.0,0.16666666666666663,0.007575757575757569,0.4994500000003086,0.0909090909090909,0.07681159420289854,0.0054347826086956486,0.0,0.10463023255813957,0.0,0.0,0.0,0.0,0.0,0.0,0.4994500000000244,0.0,0.0,0.4999500000012631,0.0,0.4999500000012631,178.7499999999999
2021-10-07 09:22:45,0.0,0.37358661239258195,0.05222437137330753,0.0,0.4545454545454546,0.012628865979381454,1.1102230246251565e-16,0.09523809523809523,0.0037100283415245627,0.5129870129870131,0.0,0.09050772626931503,0.0,0.0003519377958168745,0.11753661284265873,0.0,0.028744326777609693,0.6666666666666667,0.04449648711943793,0.0003427090639790409,0.0032708232200170245,0.0,0.0006093845216331509,0.0,0.00031440653117746956,0.09474139328757504,0.0,0.026183549325575248,0.08139252789907789,0.6666666666666666,0.032279100097815455,8.077469590037425e-06,0.0002715175719599991,0.0,0.026568430453226183,0.04733727810650884,0.045627376425855515,0.1818181818181818,0.0,0.25,0.007575757575757569,0.4994500000003086,0.0909090909090909,0.050724637681159424,0.0054347826086956486,0.0,0.10463023255813957,0.0,0.0,0.0,0.0,0.0,0.0,0.4994500000000244,0.0,0.0,0.4999500000012631,0.0,0.4999500000012631,178.7499999999999
2021-10-07 09:22:50,0.0,0.37358661239258195,0.05222437137330753,0.05125620377343898,0.4545454545454546,0.004329896907216496,1.1102230246251565e-16,0.21428571428571425,0.0037100283415245627,0.0,0.0,0.07326815936087439,0.0,0.0003519377958168745,0.11753661284265873,0.004911216003596286,0.028744326777609693,0.6666666666666667,0.014571948998178503,0.0003427090639790409,0.0011832406766428827,1.0000000000000002,0.000493311279417312,0.0,0.00031440653117746956,0.09474139328757504,0.025259648178337007,0.026183549325575248,0.07647986414361965,0.6666666666666666,0.010723472086367421,8.077469590037425e-06,9.822317317557255e-05,1.0,0.003795490064746554,0.04733727810650884,0.045627376425855515,0.1818181818181818,0.050617283950617264,0.25,0.04545454545454544,0.4994500000003086,0.3636363636363636,0.050724637681159424,0.021739130434782594,0.0,0.1278837209302326,0.0,0.0,0.0,0.0,0.0,0.0,0.4994500000000244,0.0,0.0,0.4999500000012631,0.0,0.4999500000012631,99.06249999999996
2021-10-07 09:22:55,0.029296875,0.35134931403588077,0.8968407479045775,0.05125620377343898,0.34090909090909083,0.004329896907216496,1.1102230246251565e-16,0.21428571428571425,0.004019850084331367,0.0,0.0,0.07326815936087439,0.010667903525046386,0.0002463564570718117,0.3841532106646642,0.004911216003596286,0.02824004034291478,1.0,0.014571948998178503,0.00037132844628651185,0.0011832406766428827,1.0000000000000002,0.000493311279417312,0.017281111268915544,0.00028791159877487394,0.3060584770037293,0.025259648178337007,0.02609538922683593,0.07647986414361965,0.9999999999999999,0.010723472086367421,8.75201314482453e-06,9.822317317557255e-05,1.0,0.003795490064746554,0.0769230769230769,0.06463878326996197,0.36363636363636365,0.050617283950617264,0.3333333333333333,0.04545454545454544,0.4994500000003086,0.3636363636363636,0.04782608695652171,0.021739130434782594,0.0,0.1278837209302326,0.0,0.0,0.0,0.0,0.0,0.0,0.4994500000000244,0.0,0.0,0.4999500000012631,0.0,0.4999500000012631,99.06249999999996
